-- MySQL dump 10.13  Distrib 8.0.42, for Win64 (x86_64)
--
-- Host: localhost    Database: tmdb_db
-- ------------------------------------------------------
-- Server version	9.3.0

/*!40101 SET @OLD_CHARACTER_SET_CLIENT=@@CHARACTER_SET_CLIENT */;
/*!40101 SET @OLD_CHARACTER_SET_RESULTS=@@CHARACTER_SET_RESULTS */;
/*!40101 SET @OLD_COLLATION_CONNECTION=@@COLLATION_CONNECTION */;
/*!50503 SET NAMES utf8 */;
/*!40103 SET @OLD_TIME_ZONE=@@TIME_ZONE */;
/*!40103 SET TIME_ZONE='+00:00' */;
/*!40014 SET @OLD_UNIQUE_CHECKS=@@UNIQUE_CHECKS, UNIQUE_CHECKS=0 */;
/*!40014 SET @OLD_FOREIGN_KEY_CHECKS=@@FOREIGN_KEY_CHECKS, FOREIGN_KEY_CHECKS=0 */;
/*!40101 SET @OLD_SQL_MODE=@@SQL_MODE, SQL_MODE='NO_AUTO_VALUE_ON_ZERO' */;
/*!40111 SET @OLD_SQL_NOTES=@@SQL_NOTES, SQL_NOTES=0 */;

--
-- Table structure for table `combined_popular`
--

DROP TABLE IF EXISTS `combined_popular`;
/*!40101 SET @saved_cs_client     = @@character_set_client */;
/*!50503 SET character_set_client = utf8mb4 */;
CREATE TABLE `combined_popular` (
  `id` int NOT NULL,
  `title` varchar(255) DEFAULT NULL,
  `vote_average` float DEFAULT NULL,
  `popularity` float DEFAULT NULL,
  `release_date` date DEFAULT NULL,
  `release_year` int DEFAULT NULL,
  `type` varchar(10) DEFAULT NULL,
  PRIMARY KEY (`id`)
) ENGINE=InnoDB DEFAULT CHARSET=utf8mb4 COLLATE=utf8mb4_0900_ai_ci;
/*!40101 SET character_set_client = @saved_cs_client */;

--
-- Dumping data for table `combined_popular`
--

LOCK TABLES `combined_popular` WRITE;
/*!40000 ALTER TABLE `combined_popular` DISABLE KEYS */;
INSERT INTO `combined_popular` VALUES (97,'The Drew Carey Show',6.5,509.562,'1995-09-13',1995,'tv'),(218,'The Terminator',7.7,116.572,'1984-10-26',1984,'movie'),(224,'Match of the Day',7.511,520.772,'1964-08-22',1964,'tv'),(319,'True Romance',7.546,97.4202,'1993-09-09',1993,'movie'),(331,'America\'s Next Top Model',5.287,476.258,'2003-05-20',2003,'tv'),(355,'The Bachelor',5.3,315.689,'2002-03-25',2002,'tv'),(429,'The Good, the Bad and the Ugly',8.461,91.8321,'1966-12-22',1966,'movie'),(456,'The Simpsons',8,318.323,'1989-12-17',1989,'tv'),(498,'Late Show with David Letterman',6.325,817.618,'1993-08-30',1993,'tv'),(600,'Renegade',6.683,337.75,'1992-09-19',1992,'tv'),(651,'60 Minutes',6.6,407.032,'1968-09-24',1968,'tv'),(654,'Reba',6.6,262.875,'2001-10-05',2001,'tv'),(680,'Pulp Fiction',8.488,102.742,'1994-09-10',1994,'movie'),(897,'The Grim Adventures of Billy and Mandy',8.045,282.891,'2001-08-24',2001,'tv'),(937,'Behind the Music',7.167,288.799,'1997-08-17',1997,'tv'),(1091,'The Thing',8.07,46.2943,'1982-06-25',1982,'movie'),(1220,'The Graham Norton Show',7.2,631.106,'2007-02-22',2007,'tv'),(1260,'Duckman',7.2,331.755,'1994-03-05',1994,'tv'),(1416,'Grey\'s Anatomy',8.2,435.413,'2005-03-27',2005,'tv'),(1431,'CSI: Crime Scene Investigation',7.6,440.376,'2000-10-06',2000,'tv'),(1551,'The Kids in the Hall',7.4,333.803,'1989-10-24',1989,'tv'),(1685,'Project Runway',6.2,309.499,'2004-12-01',2004,'tv'),(1948,'Degrassi',7.6,315.521,'2001-10-14',2001,'tv'),(1966,'Horizon',7.516,450.979,'1964-02-04',1964,'tv'),(2122,'King of the Hill',7.344,306.527,'1997-01-12',1997,'tv'),(2224,'The Daily Show',6.4,558.339,'1996-07-22',1996,'tv'),(2225,'Who Wants to Be a Millionaire?',6.286,298,'1999-08-16',1999,'tv'),(2243,'Touched by an Angel',7.2,316.962,'1994-09-21',1994,'tv'),(2261,'The Tonight Show Starring Johnny Carson',7.4,625.512,'1962-10-01',1962,'tv'),(2394,'This Old House',5.4,488.443,'1979-01-01',1979,'tv'),(2637,'Come Dine with Me',5,614.363,'2005-01-10',2005,'tv'),(2730,'I Love Lucy',7.916,304.102,'1951-10-15',1951,'tv'),(2734,'Law & Order: Special Victims Unit',7.937,934.476,'1999-09-20',1999,'tv'),(2777,'Oggy and the Cockroaches',7.4,310.085,'1999-09-06',1999,'tv'),(3091,'Family Affairs',2.6,251.59,'1997-03-30',1997,'tv'),(3365,'Grange Hill',6.5,343.353,'1978-02-08',1978,'tv'),(3554,'The Parkers',8.2,305.593,'1999-08-30',1999,'tv'),(3562,'NOVA',7.023,562.559,'1974-03-03',1974,'tv'),(3670,'Cops',6.639,445.825,'1989-03-11',1989,'tv'),(3894,'WWE ECW',6.6,229.008,'2006-06-13',2006,'tv'),(4086,'Diners, Drive-Ins and Dives',6.7,430.076,'2007-04-23',2007,'tv'),(4230,'PB&J Otter',6.9,308.129,'1998-03-15',1998,'tv'),(4275,'Prisoner',7.645,339.63,'1979-02-27',1979,'tv'),(4419,'Real Time with Bill Maher',5.998,580.938,'2003-02-21',2003,'tv'),(4454,'Will & Grace',6.853,295.957,'1998-09-21',1998,'tv'),(4467,'Late Night with David Letterman',5.808,325.17,'1982-02-01',1982,'tv'),(4601,'Law & Order: Criminal Intent',7.565,431.549,'2001-09-30',2001,'tv'),(4630,'The Fairly OddParents',7.577,262.416,'2001-03-30',2001,'tv'),(4656,'Raw',6.8,310.739,'1993-01-11',1993,'tv'),(5133,'Leave It to Beaver',7,555.727,'1957-10-04',1957,'tv'),(5721,'The Secret Life of the American Teenager',7.1,306.371,'2008-07-01',2008,'tv'),(5917,'90210',5.679,268.658,'2008-09-02',2008,'tv'),(6135,'Timewatch',6.9,425.781,'1982-09-29',1982,'tv'),(6145,'Modern Marvels',8,455.958,'1993-12-10',1993,'tv'),(6521,'Undressed',7.5,311.083,'1999-07-26',1999,'tv'),(7451,'xXx',5.943,74.833,'2002-08-09',2002,'movie'),(8590,'Plus belle la vie',4.379,533.783,'2004-08-30',2004,'tv'),(9048,'Classic Albums',7.7,315.758,'1997-04-14',1997,'tv'),(9537,'My Family',8.8,356.486,'2002-04-19',2002,'tv'),(11106,'As If',7.5,305.724,'2001-01-22',2001,'tv'),(11544,'Lilo & Stitch',7.6,118.576,'2002-06-21',2002,'movie'),(11890,'Goede Tijden, Slechte Tijden',5.083,357.16,'1990-10-01',1990,'tv'),(12415,'Egoli: Place of Gold',6.8,315.69,'1992-04-06',1992,'tv'),(13286,'Peak Practice',6.1,360.03,'1993-05-10',1993,'tv'),(13335,'New Tricks',7.4,314.855,'2004-01-01',2004,'tv'),(13945,'Gute Zeiten, schlechte Zeiten',5.7,460.402,'1992-05-11',1992,'tv'),(14544,'Koffee with Karan',5.7,317.772,'2004-11-19',2004,'tv'),(14610,'Secret Lives',4.5,419.611,'1999-01-25',1999,'tv'),(14686,'Alles was zählt',5,309.573,'2006-09-04',2006,'tv'),(14750,'Na Wspólnej',4.4,387.088,'2003-01-27',2003,'tv'),(14951,'Nature',8.1,336.96,'1982-10-10',1982,'tv'),(14981,'The Late Late Show with Craig Ferguson',6.817,880.125,'2005-01-03',2005,'tv'),(17380,'The Real Housewives of Atlanta',5.971,466.798,'2008-10-07',2008,'tv'),(21145,'Natural World',7.1,396.048,'1983-10-30',1983,'tv'),(21755,'Pawn Stars',7.094,518.846,'2009-07-19',2009,'tv'),(22980,'Watch What Happens Live with Andy Cohen',5.034,817.636,'2009-07-16',2009,'tv'),(30484,'Warrior Queen',3.4,174.21,'1987-01-26',1987,'movie'),(30703,'Shark Tank',6.7,426.573,'2009-08-09',2009,'tv'),(30957,'The Amazing Race',6.9,512.534,'2001-09-05',2001,'tv'),(31179,'The Lone Ranger',6.7,319.873,'1949-09-15',1949,'tv'),(31783,'Worst Cooks in America',6.3,465.703,'2010-01-03',2010,'tv'),(31991,'WWE NXT',6.7,363.597,'2010-02-23',2010,'tv'),(32390,'The Real Housewives of Beverly Hills',6.337,487.83,'2010-10-14',2010,'tv'),(34860,'Ninja Boy Rantaro',6.4,395.649,'1993-04-10',1993,'tv'),(36695,'Storyville',7.6,461.315,'1997-11-15',1997,'tv'),(42316,'Devon Ke Dev...Mahadev',9.1,373.213,'2011-12-18',2011,'tv'),(42573,'Slam Dunk',8.6,313.621,'1993-10-16',1993,'tv'),(42912,'Inazuma Eleven',7.998,487.016,'2008-10-05',2008,'tv'),(43323,'Comedy Bang! Bang!',6.2,383.206,'2012-06-08',2012,'tv'),(45789,'Sturm der Liebe',6.066,310.839,'2005-09-26',2005,'tv'),(46825,'Rooster Teeth Animated Adventures',8.6,497.427,'2011-09-28',2011,'tv'),(50821,'Among Friends',3.2,724.337,'1998-10-26',1998,'tv'),(59941,'The Tonight Show Starring Jimmy Fallon',5.85,672.644,'2014-02-17',2014,'tv'),(60888,'Young & Hungry',6.8,306.177,'2014-06-25',2014,'tv'),(61818,'Late Night with Seth Meyers',5.29,818.746,'2014-02-25',2014,'tv'),(62223,'The Late Late Show with James Corden',5.312,466.234,'2015-03-23',2015,'tv'),(62481,'Beat Bobby Flay',6.5,396.757,'2013-08-24',2013,'tv'),(62705,'Married at First Sight',7.4,320.072,'2015-05-18',2015,'tv'),(63770,'The Late Show with Stephen Colbert',6.3,834.737,'2015-09-08',2015,'tv'),(66465,'The Kapil Sharma Show',7.1,388.06,'2016-04-23',2016,'tv'),(67584,'VICE News Tonight',6.6,442.864,'2016-10-10',2016,'tv'),(68921,'WWE 205 Live',5.712,413.176,'2016-11-29',2016,'tv'),(70558,'NPR Tiny Desk Concerts',7.8,346.284,'2008-04-22',2008,'tv'),(80715,'Firing Line with Margaret Hoover',7.5,286.971,'2018-06-22',2018,'tv'),(93449,'Tamron Hall',5.1,358.05,'2019-09-09',2019,'tv'),(126889,'Alien: Covenant',6.157,131.395,'2017-05-09',2017,'movie'),(141052,'Justice League',6.077,135.649,'2017-11-15',2017,'movie'),(181808,'Star Wars: The Last Jedi',6.776,139.583,'2017-12-13',2017,'movie'),(181812,'Star Wars: The Rise of Skywalker',6.297,87.5744,'2019-12-18',2019,'movie'),(202250,'Dirty Linen',6.662,324.345,'2023-01-23',2023,'tv'),(204746,'The Jennifer Hudson Show',6.396,397.633,'2022-09-12',2022,'tv'),(206559,'Binnelanders',5.578,500.588,'2005-10-13',2005,'tv'),(206647,'Spectre',6.558,77.8171,'2015-10-26',2015,'movie'),(209112,'Batman v Superman: Dawn of Justice',5.981,47.6203,'2016-03-23',2016,'movie'),(263115,'Logan',7.82,122.771,'2017-02-28',2017,'movie'),(281338,'War for the Planet of the Apes',7.207,101.183,'2017-07-11',2017,'movie'),(283995,'Guardians of the Galaxy Vol. 2',7.612,121.459,'2017-04-19',2017,'movie'),(284053,'Thor: Ragnarok',7.585,136.458,'2017-10-02',2017,'movie'),(284054,'Black Panther',7.373,125.192,'2018-02-13',2018,'movie'),(293167,'Kong: Skull Island',6.545,103.04,'2017-03-08',2017,'movie'),(297762,'Wonder Woman',7.2,91.3417,'2017-05-30',2017,'movie'),(299534,'Avengers: Endgame',8.239,88.0201,'2019-04-24',2019,'movie'),(299536,'Avengers: Infinity War',8.236,155.858,'2018-04-25',2018,'movie'),(299537,'Captain Marvel',6.8,74.6461,'2019-03-06',2019,'movie'),(300668,'Annihilation',6.426,109.099,'2018-02-22',2018,'movie'),(302946,'The Accountant',7.117,166.136,'2016-10-13',2016,'movie'),(315635,'Spider-Man: Homecoming',7.331,130.656,'2017-07-05',2017,'movie'),(320288,'Dark Phoenix',5.972,82.0861,'2019-06-05',2019,'movie'),(321612,'Beauty and the Beast',6.972,130.358,'2017-03-16',2017,'movie'),(324544,'In the Lost Lands',6.425,109.966,'2025-02-27',2025,'movie'),(334541,'Manchester by the Sea',7.546,43.2279,'2016-11-17',2016,'movie'),(335984,'Blade Runner 2049',7.581,104.368,'2017-10-04',2017,'movie'),(338947,'Hellraiser',6.172,79.34,'2022-09-28',2022,'movie'),(339846,'Baywatch',6.092,123.043,'2017-05-25',2017,'movie'),(345940,'The Meg',6.2,123.765,'2018-08-09',2018,'movie'),(351286,'Jurassic World: Fallen Kingdom',6.5,89.7876,'2018-06-06',2018,'movie'),(353081,'Mission: Impossible - Fallout',7.4,86.4734,'2018-07-25',2018,'movie'),(353491,'The Dark Tower',5.778,79.998,'2017-08-03',2017,'movie'),(369192,'Battle of the Sexes',6.8,78.5893,'2017-09-22',2017,'movie'),(370172,'No Time to Die',7.365,78.5725,'2021-09-29',2021,'movie'),(376867,'Moonlight',7.372,91.8397,'2016-10-21',2016,'movie'),(383498,'Deadpool 2',7.5,143.96,'2018-05-15',2018,'movie'),(420818,'The Lion King',7.109,118.678,'2019-07-12',2019,'movie'),(436969,'The Suicide Squad',7.5,127.711,'2021-07-28',2021,'movie'),(447273,'Snow White',4.279,114.745,'2025-03-12',2025,'movie'),(450465,'Glass',6.662,45.1512,'2019-01-16',2019,'movie'),(453395,'Doctor Strange in the Multiverse of Madness',7.259,89.8924,'2022-05-04',2022,'movie'),(458156,'John Wick: Chapter 3 - Parabellum',7.4,81.5788,'2019-05-15',2019,'movie'),(464052,'Wonder Woman 1984',6.409,104.685,'2020-12-16',2020,'movie'),(496243,'Parasite',8.499,122.604,'2019-05-30',2019,'movie'),(497698,'Black Widow',7.2,83.4252,'2021-07-07',2021,'movie'),(515001,'Jojo Rabbit',8.006,58.7957,'2019-10-18',2019,'movie'),(541671,'Ballerina',7.152,206.783,'2025-06-04',2025,'movie'),(552524,'Lilo & Stitch',7.112,571.123,'2025-05-17',2025,'movie'),(567609,'Ready or Not',7.034,90.8643,'2019-08-21',2019,'movie'),(568770,'The Containment',7.455,94.2333,'2025-06-05',2025,'movie'),(574475,'Final Destination Bloodlines',6.998,278.973,'2025-05-14',2025,'movie'),(575265,'Mission: Impossible - The Final Reckoning',7.2,212.233,'2025-05-17',2025,'movie'),(668489,'Havoc',6.503,56.2298,'2025-04-25',2025,'movie'),(676685,'Panda Bear in Africa',6.63,54.5978,'2024-03-15',2024,'movie'),(757725,'Shadow Force',6.398,349.586,'2025-05-01',2025,'movie'),(762509,'Mufasa: The Lion King',7.398,65.6825,'2024-12-18',2024,'movie'),(822119,'Captain America: Brave New World',6.072,110.382,'2025-02-12',2025,'movie'),(840430,'The Holdovers',7.681,46.1598,'2023-10-27',2023,'movie'),(870028,'The Accountant²',7.203,711.669,'2025-04-23',2025,'movie'),(896536,'The Legend of Ochi',6.3,63.7652,'2025-04-18',2025,'movie'),(897160,'Brave Citizen',6.878,84.2691,'2023-10-25',2023,'movie'),(939243,'Sonic the Hedgehog 3',7.7,75.9028,'2024-12-19',2024,'movie'),(950387,'A Minecraft Movie',6.5,311.545,'2025-03-31',2025,'movie'),(977294,'Tin Soldier',4.962,87.3412,'2025-05-22',2025,'movie'),(986056,'Thunderbolts*',7.4,103.217,'2025-04-30',2025,'movie'),(1001414,'Fear Street: Prom Queen',5.398,58.2889,'2025-05-23',2025,'movie'),(1010581,'My Fault',7.803,64.8274,'2023-06-08',2023,'movie'),(1010818,'Groot\'s First Steps',7,84.7686,'2022-08-10',2022,'movie'),(1011477,'Karate Kid: Legends',7,88.1447,'2025-05-08',2025,'movie'),(1040159,'My Massive Cock',5.8,63.0571,'2022-10-24',2022,'movie'),(1087192,'How to Train Your Dragon',7.508,119.681,'2025-06-06',2025,'movie'),(1094473,'Bambi: A Life in the Woods',6,62.3677,'2024-10-16',2024,'movie'),(1098006,'Fountain of Youth',6.433,61.348,'2025-05-19',2025,'movie'),(1144430,'Last Bullet',6.645,65.1866,'2025-05-06',2025,'movie'),(1197306,'A Working Man',6.688,249.928,'2025-03-26',2025,'movie'),(1199974,'Párvulos: Children of the Apocalypse',6.559,169.568,'2024-10-18',2024,'movie'),(1225915,'Jewel Thief - The Heist Begins',6.711,97.7598,'2025-04-24',2025,'movie'),(1232546,'Until Dawn',6.525,122.21,'2025-04-23',2025,'movie'),(1232933,'Fear Below',6.8,155.654,'2025-05-02',2025,'movie'),(1233069,'Exterritorial',6.758,89.4655,'2025-04-29',2025,'movie'),(1233413,'Sinners',7.526,553.069,'2025-04-16',2025,'movie'),(1241436,'Warfare',7.291,143.94,'2025-04-09',2025,'movie'),(1241894,'Woodwalkers',6.25,179.887,'2024-10-17',2024,'movie'),(1241982,'Moana 2',7.08,107.339,'2024-11-21',2024,'movie'),(1257960,'Sikandar',5.125,192.012,'2025-03-29',2025,'movie'),(1284120,'The Ugly Stepsister',7,231.628,'2025-03-07',2025,'movie'),(1297028,'Rosario',5.294,58.4764,'2025-05-01',2025,'movie'),(1315988,'Mikaela',6.086,431.959,'2025-01-31',2025,'movie'),(1376434,'Predator: Killer of Killers',8.026,792.977,'2025-06-05',2025,'movie'),(1397832,'A Widow\'s Game',6.446,88.0995,'2025-05-29',2025,'movie'),(1403735,'Laila',4.75,116.289,'2025-02-14',2025,'movie'),(1411773,'The Last Stand of Ellen Cole',8.417,244.984,'2024-10-18',2024,'movie'),(1426776,'STRAW',8.344,164.156,'2025-06-05',2025,'movie'),(1450599,'K.O.',7.31,314.212,'2025-06-05',2025,'movie');
/*!40000 ALTER TABLE `combined_popular` ENABLE KEYS */;
UNLOCK TABLES;

--
-- Table structure for table `content_genres`
--

DROP TABLE IF EXISTS `content_genres`;
/*!40101 SET @saved_cs_client     = @@character_set_client */;
/*!50503 SET character_set_client = utf8mb4 */;
CREATE TABLE `content_genres` (
  `id` int NOT NULL AUTO_INCREMENT,
  `content_id` int DEFAULT NULL,
  `genre_id` int DEFAULT NULL,
  `content_type` varchar(10) DEFAULT NULL,
  PRIMARY KEY (`id`),
  UNIQUE KEY `unique_content_genre` (`content_id`,`genre_id`,`content_type`),
  KEY `genre_id` (`genre_id`),
  CONSTRAINT `content_genres_ibfk_1` FOREIGN KEY (`genre_id`) REFERENCES `genres` (`genre_id`)
) ENGINE=InnoDB AUTO_INCREMENT=448 DEFAULT CHARSET=utf8mb4 COLLATE=utf8mb4_0900_ai_ci;
/*!40101 SET character_set_client = @saved_cs_client */;

--
-- Dumping data for table `content_genres`
--

LOCK TABLES `content_genres` WRITE;
/*!40000 ALTER TABLE `content_genres` DISABLE KEYS */;
INSERT INTO `content_genres` VALUES (315,97,35,'tv'),(117,218,28,'movie'),(118,218,53,'movie'),(119,218,878,'movie'),(305,224,10763,'tv'),(304,224,10767,'tv'),(154,319,28,'movie'),(155,319,80,'movie'),(156,319,10749,'movie'),(324,331,10764,'tv'),(422,355,10764,'tv'),(160,429,37,'movie'),(414,456,16,'tv'),(415,456,35,'tv'),(413,456,10751,'tv'),(284,498,35,'tv'),(283,498,10767,'tv'),(378,600,18,'tv'),(379,600,80,'tv'),(377,600,10759,'tv'),(352,651,10763,'tv'),(356,654,35,'tv'),(147,680,53,'movie'),(148,680,80,'movie'),(362,897,16,'tv'),(363,897,35,'tv'),(364,897,10762,'tv'),(407,937,99,'tv'),(261,1091,27,'movie'),(263,1091,878,'movie'),(262,1091,9648,'movie'),(299,1220,35,'tv'),(300,1220,10767,'tv'),(390,1260,16,'tv'),(391,1260,35,'tv'),(336,1416,18,'tv'),(347,1431,18,'tv'),(346,1431,80,'tv'),(348,1431,9648,'tv'),(387,1551,35,'tv'),(435,1685,10764,'tv'),(423,1948,18,'tv'),(424,1948,10766,'tv'),(333,1966,99,'tv'),(438,2122,16,'tv'),(439,2122,35,'tv'),(440,2122,10751,'tv'),(312,2224,35,'tv'),(311,2224,10763,'tv'),(385,2225,10767,'tv'),(418,2243,18,'tv'),(419,2243,10751,'tv'),(417,2243,10765,'tv'),(295,2261,10767,'tv'),(319,2394,99,'tv'),(320,2394,10764,'tv'),(303,2637,10764,'tv'),(342,2730,35,'tv'),(343,2730,10751,'tv'),(279,2734,18,'tv'),(278,2734,80,'tv'),(280,2734,9648,'tv'),(429,2777,16,'tv'),(430,2777,35,'tv'),(432,2777,10751,'tv'),(431,2777,10762,'tv'),(375,3091,18,'tv'),(376,3091,10766,'tv'),(382,3365,18,'tv'),(447,3554,35,'tv'),(310,3562,99,'tv'),(334,3670,10764,'tv'),(393,3894,18,'tv'),(392,3894,10759,'tv'),(338,4086,99,'tv'),(339,4086,10764,'tv'),(436,4230,16,'tv'),(437,4230,10762,'tv'),(368,4275,18,'tv'),(367,4275,10766,'tv'),(291,4419,35,'tv'),(292,4419,10767,'tv'),(404,4454,35,'tv'),(383,4467,35,'tv'),(384,4467,10767,'tv'),(337,4601,18,'tv'),(396,4630,16,'tv'),(397,4630,35,'tv'),(399,4630,10762,'tv'),(398,4630,10765,'tv'),(349,4656,10764,'tv'),(308,5133,35,'tv'),(309,5133,10751,'tv'),(441,5721,18,'tv'),(442,5721,35,'tv'),(357,5917,18,'tv'),(341,6135,99,'tv'),(332,6145,99,'tv'),(394,6521,18,'tv'),(395,6521,35,'tv'),(220,7451,12,'movie'),(219,7451,28,'movie'),(221,7451,53,'movie'),(222,7451,80,'movie'),(296,8590,18,'tv'),(297,8590,35,'tv'),(298,8590,80,'tv'),(420,9048,99,'tv'),(402,9537,16,'tv'),(403,9537,35,'tv'),(446,11106,18,'tv'),(445,11106,35,'tv'),(114,11544,16,'movie'),(116,11544,35,'movie'),(115,11544,10751,'movie'),(366,11890,10766,'tv'),(421,12415,10766,'tv'),(358,13286,18,'tv'),(408,13335,18,'tv'),(409,13335,35,'tv'),(330,13945,18,'tv'),(331,13945,10766,'tv'),(416,14544,10767,'tv'),(351,14610,18,'tv'),(350,14610,10766,'tv'),(434,14686,18,'tv'),(433,14686,10766,'tv'),(374,14750,10766,'tv'),(388,14951,99,'tv'),(389,14951,10751,'tv'),(281,14981,35,'tv'),(282,14981,10767,'tv'),(325,17380,10764,'tv'),(365,21145,99,'tv'),(313,21755,10764,'tv'),(290,22980,35,'tv'),(289,22980,10767,'tv'),(237,30484,12,'movie'),(235,30484,28,'movie'),(236,30484,36,'movie'),(340,30703,10764,'tv'),(314,30957,10764,'tv'),(411,31179,37,'tv'),(412,31179,10759,'tv'),(328,31783,35,'tv'),(327,31783,10764,'tv'),(381,31991,18,'tv'),(380,31991,10759,'tv'),(321,32390,10764,'tv'),(372,34860,16,'tv'),(369,34860,35,'tv'),(373,34860,10751,'tv'),(370,34860,10759,'tv'),(371,34860,10762,'tv'),(329,36695,99,'tv'),(359,42316,18,'tv'),(425,42573,16,'tv'),(426,42573,35,'tv'),(322,42912,16,'tv'),(323,42912,10765,'tv'),(360,43323,35,'tv'),(361,43323,10767,'tv'),(427,45789,18,'tv'),(428,45789,10766,'tv'),(316,46825,16,'tv'),(317,46825,35,'tv'),(318,46825,10767,'tv'),(293,50821,18,'tv'),(294,50821,10751,'tv'),(301,59941,35,'tv'),(302,59941,10767,'tv'),(444,60888,35,'tv'),(443,60888,10751,'tv'),(286,61818,35,'tv'),(285,61818,10767,'tv'),(326,62223,10767,'tv'),(355,62481,10764,'tv'),(410,62705,10764,'tv'),(287,63770,35,'tv'),(288,63770,10767,'tv'),(353,66465,35,'tv'),(354,66465,10767,'tv'),(335,67584,10763,'tv'),(345,68921,18,'tv'),(344,68921,10759,'tv'),(405,80715,10767,'tv'),(406,80715,10768,'tv'),(386,93449,10767,'tv'),(75,126889,27,'movie'),(76,126889,53,'movie'),(74,126889,878,'movie'),(72,141052,12,'movie'),(71,141052,28,'movie'),(73,141052,878,'movie'),(65,181808,12,'movie'),(66,181808,28,'movie'),(67,181808,878,'movie'),(183,181812,12,'movie'),(184,181812,28,'movie'),(185,181812,878,'movie'),(400,202250,18,'tv'),(401,202250,9648,'tv'),(306,204746,10767,'tv'),(307,206559,10766,'tv'),(213,206647,12,'movie'),(212,206647,28,'movie'),(214,206647,53,'movie'),(259,209112,12,'movie'),(260,209112,14,'movie'),(258,209112,28,'movie'),(97,263115,18,'movie'),(96,263115,28,'movie'),(98,263115,878,'movie'),(149,281338,18,'movie'),(150,281338,878,'movie'),(151,281338,10752,'movie'),(105,283995,12,'movie'),(106,283995,28,'movie'),(104,283995,878,'movie'),(69,284053,12,'movie'),(68,284053,28,'movie'),(70,284053,878,'movie'),(88,284054,12,'movie'),(87,284054,28,'movie'),(89,284054,878,'movie'),(145,293167,12,'movie'),(146,293167,14,'movie'),(144,293167,28,'movie'),(162,297762,12,'movie'),(163,297762,14,'movie'),(161,297762,28,'movie'),(180,299534,12,'movie'),(182,299534,28,'movie'),(181,299534,878,'movie'),(53,299536,12,'movie'),(54,299536,28,'movie'),(55,299536,878,'movie'),(224,299537,12,'movie'),(223,299537,28,'movie'),(225,299537,878,'movie'),(131,300668,27,'movie'),(130,300668,878,'movie'),(50,302946,18,'movie'),(49,302946,53,'movie'),(48,302946,80,'movie'),(78,315635,12,'movie'),(80,315635,18,'movie'),(77,315635,28,'movie'),(79,315635,878,'movie'),(200,320288,12,'movie'),(199,320288,28,'movie'),(198,320288,878,'movie'),(82,321612,14,'movie'),(83,321612,10749,'movie'),(81,321612,10751,'movie'),(129,324544,12,'movie'),(128,324544,14,'movie'),(127,324544,28,'movie'),(257,334541,18,'movie'),(140,335984,18,'movie'),(139,335984,878,'movie'),(204,338947,27,'movie'),(205,338947,9648,'movie'),(94,339846,28,'movie'),(93,339846,35,'movie'),(95,339846,80,'movie'),(92,345940,27,'movie'),(90,345940,28,'movie'),(91,345940,878,'movie'),(170,351286,12,'movie'),(169,351286,28,'movie'),(172,351286,53,'movie'),(171,351286,878,'movie'),(252,353081,12,'movie'),(251,353081,28,'movie'),(201,353491,14,'movie'),(202,353491,28,'movie'),(203,353491,878,'movie'),(206,369192,18,'movie'),(207,369192,35,'movie'),(208,369192,36,'movie'),(211,370172,12,'movie'),(209,370172,28,'movie'),(210,370172,53,'movie'),(159,376867,18,'movie'),(62,383498,12,'movie'),(60,383498,28,'movie'),(61,383498,35,'movie'),(110,420818,12,'movie'),(113,420818,16,'movie'),(111,420818,18,'movie'),(112,420818,10751,'movie'),(86,436969,12,'movie'),(84,436969,28,'movie'),(85,436969,35,'movie'),(123,447273,14,'movie'),(122,447273,10751,'movie'),(249,450465,18,'movie'),(248,450465,53,'movie'),(250,450465,878,'movie'),(168,453395,12,'movie'),(166,453395,14,'movie'),(167,453395,28,'movie'),(226,458156,28,'movie'),(227,458156,53,'movie'),(228,458156,80,'movie'),(137,464052,12,'movie'),(138,464052,14,'movie'),(136,464052,28,'movie'),(101,496243,18,'movie'),(99,496243,35,'movie'),(100,496243,53,'movie'),(196,497698,12,'movie'),(195,497698,28,'movie'),(197,497698,878,'movie'),(256,515001,18,'movie'),(254,515001,35,'movie'),(255,515001,10752,'movie'),(40,541671,28,'movie'),(41,541671,53,'movie'),(42,541671,80,'movie'),(10,552524,12,'movie'),(8,552524,35,'movie'),(9,552524,878,'movie'),(7,552524,10751,'movie'),(164,567609,27,'movie'),(165,567609,35,'movie'),(157,568770,27,'movie'),(158,568770,9648,'movie'),(26,574475,27,'movie'),(27,574475,9648,'movie'),(38,575265,12,'movie'),(37,575265,28,'movie'),(39,575265,53,'movie'),(275,668489,28,'movie'),(277,668489,53,'movie'),(276,668489,80,'movie'),(270,676685,12,'movie'),(269,676685,16,'movie'),(271,676685,35,'movie'),(272,676685,10751,'movie'),(18,757725,18,'movie'),(16,757725,28,'movie'),(17,757725,53,'movie'),(241,762509,12,'movie'),(243,762509,16,'movie'),(242,762509,10751,'movie'),(124,822119,28,'movie'),(125,822119,53,'movie'),(126,822119,878,'movie'),(234,840430,18,'movie'),(233,840430,35,'movie'),(6,870028,53,'movie'),(5,870028,80,'movie'),(4,870028,9648,'movie'),(240,896536,12,'movie'),(239,896536,14,'movie'),(238,896536,10751,'movie'),(193,897160,18,'movie'),(192,897160,28,'movie'),(194,897160,35,'movie'),(215,939243,28,'movie'),(217,939243,35,'movie'),(216,939243,878,'movie'),(218,939243,10751,'movie'),(24,950387,12,'movie'),(25,950387,14,'movie'),(23,950387,35,'movie'),(22,950387,10751,'movie'),(186,977294,28,'movie'),(187,977294,53,'movie'),(143,986056,12,'movie'),(141,986056,28,'movie'),(142,986056,878,'movie'),(273,1001414,27,'movie'),(274,1001414,9648,'movie'),(268,1010581,18,'movie'),(267,1010581,10749,'movie'),(188,1010818,16,'movie'),(190,1010818,35,'movie'),(191,1010818,878,'movie'),(189,1010818,10751,'movie'),(176,1011477,12,'movie'),(177,1011477,18,'movie'),(175,1011477,28,'movie'),(244,1040159,99,'movie'),(109,1087192,14,'movie'),(107,1087192,28,'movie'),(108,1087192,10751,'movie'),(245,1094473,12,'movie'),(247,1094473,99,'movie'),(246,1094473,10751,'movie'),(264,1098006,12,'movie'),(265,1098006,14,'movie'),(266,1098006,9648,'movie'),(232,1144430,18,'movie'),(229,1144430,28,'movie'),(231,1144430,53,'movie'),(230,1144430,80,'movie'),(28,1197306,28,'movie'),(30,1197306,53,'movie'),(29,1197306,80,'movie'),(47,1199974,27,'movie'),(152,1225915,28,'movie'),(153,1225915,53,'movie'),(102,1232546,27,'movie'),(103,1232546,9648,'movie'),(58,1232933,12,'movie'),(56,1232933,27,'movie'),(57,1232933,28,'movie'),(59,1232933,53,'movie'),(174,1233069,28,'movie'),(173,1233069,53,'movie'),(11,1233413,27,'movie'),(12,1233413,28,'movie'),(13,1233413,53,'movie'),(64,1241436,28,'movie'),(63,1241436,10752,'movie'),(46,1241894,14,'movie'),(45,1241894,10751,'movie'),(133,1241982,12,'movie'),(132,1241982,16,'movie'),(135,1241982,35,'movie'),(134,1241982,10751,'movie'),(44,1257960,18,'movie'),(43,1257960,28,'movie'),(35,1284120,14,'movie'),(36,1284120,18,'movie'),(33,1284120,27,'movie'),(34,1284120,35,'movie'),(253,1297028,27,'movie'),(14,1315988,28,'movie'),(15,1315988,53,'movie'),(1,1376434,16,'movie'),(3,1376434,28,'movie'),(2,1376434,878,'movie'),(178,1397832,53,'movie'),(179,1397832,9648,'movie'),(120,1403735,35,'movie'),(121,1403735,10749,'movie'),(32,1411773,12,'movie'),(31,1411773,28,'movie'),(51,1426776,18,'movie'),(52,1426776,53,'movie'),(21,1450599,12,'movie'),(20,1450599,18,'movie'),(19,1450599,28,'movie');
/*!40000 ALTER TABLE `content_genres` ENABLE KEYS */;
UNLOCK TABLES;

--
-- Table structure for table `genres`
--

DROP TABLE IF EXISTS `genres`;
/*!40101 SET @saved_cs_client     = @@character_set_client */;
/*!50503 SET character_set_client = utf8mb4 */;
CREATE TABLE `genres` (
  `genre_id` int NOT NULL,
  `genre_name` varchar(100) NOT NULL,
  PRIMARY KEY (`genre_id`)
) ENGINE=InnoDB DEFAULT CHARSET=utf8mb4 COLLATE=utf8mb4_0900_ai_ci;
/*!40101 SET character_set_client = @saved_cs_client */;

--
-- Dumping data for table `genres`
--

LOCK TABLES `genres` WRITE;
/*!40000 ALTER TABLE `genres` DISABLE KEYS */;
INSERT INTO `genres` VALUES (12,'Adventure'),(14,'Fantasy'),(16,'Animation'),(18,'Drama'),(27,'Horror'),(28,'Action'),(35,'Comedy'),(36,'History'),(37,'Western'),(53,'Thriller'),(80,'Crime'),(99,'Documentary'),(878,'Science Fiction'),(9648,'Mystery'),(10402,'Music'),(10749,'Romance'),(10751,'Family'),(10752,'War'),(10759,'Action & Adventure'),(10762,'Kids'),(10763,'News'),(10764,'Reality'),(10765,'Sci-Fi & Fantasy'),(10766,'Soap'),(10767,'Talk'),(10768,'War & Politics'),(10770,'TV Movie');
/*!40000 ALTER TABLE `genres` ENABLE KEYS */;
UNLOCK TABLES;

--
-- Table structure for table `movies_popular`
--

DROP TABLE IF EXISTS `movies_popular`;
/*!40101 SET @saved_cs_client     = @@character_set_client */;
/*!50503 SET character_set_client = utf8mb4 */;
CREATE TABLE `movies_popular` (
  `id` int NOT NULL,
  `title` varchar(255) DEFAULT NULL,
  `vote_average` float DEFAULT NULL,
  `popularity` float DEFAULT NULL,
  `release_date` date DEFAULT NULL,
  `release_year` int DEFAULT NULL,
  `type` varchar(10) DEFAULT NULL,
  PRIMARY KEY (`id`)
) ENGINE=InnoDB DEFAULT CHARSET=utf8mb4 COLLATE=utf8mb4_0900_ai_ci;
/*!40101 SET character_set_client = @saved_cs_client */;

--
-- Dumping data for table `movies_popular`
--

LOCK TABLES `movies_popular` WRITE;
/*!40000 ALTER TABLE `movies_popular` DISABLE KEYS */;
INSERT INTO `movies_popular` VALUES (218,'The Terminator',7.7,116.572,'1984-10-26',1984,'movie'),(319,'True Romance',7.546,97.4202,'1993-09-09',1993,'movie'),(429,'The Good, the Bad and the Ugly',8.461,91.8321,'1966-12-22',1966,'movie'),(680,'Pulp Fiction',8.488,102.742,'1994-09-10',1994,'movie'),(1091,'The Thing',8.07,46.2943,'1982-06-25',1982,'movie'),(7451,'xXx',5.943,74.833,'2002-08-09',2002,'movie'),(11544,'Lilo & Stitch',7.6,118.576,'2002-06-21',2002,'movie'),(30484,'Warrior Queen',3.4,174.21,'1987-01-26',1987,'movie'),(126889,'Alien: Covenant',6.157,131.395,'2017-05-09',2017,'movie'),(141052,'Justice League',6.077,135.649,'2017-11-15',2017,'movie'),(181808,'Star Wars: The Last Jedi',6.776,139.583,'2017-12-13',2017,'movie'),(181812,'Star Wars: The Rise of Skywalker',6.297,87.5744,'2019-12-18',2019,'movie'),(206647,'Spectre',6.558,77.8171,'2015-10-26',2015,'movie'),(209112,'Batman v Superman: Dawn of Justice',5.981,47.6203,'2016-03-23',2016,'movie'),(263115,'Logan',7.82,122.771,'2017-02-28',2017,'movie'),(281338,'War for the Planet of the Apes',7.207,101.183,'2017-07-11',2017,'movie'),(283995,'Guardians of the Galaxy Vol. 2',7.612,121.459,'2017-04-19',2017,'movie'),(284053,'Thor: Ragnarok',7.585,136.458,'2017-10-02',2017,'movie'),(284054,'Black Panther',7.373,125.192,'2018-02-13',2018,'movie'),(293167,'Kong: Skull Island',6.545,103.04,'2017-03-08',2017,'movie'),(297762,'Wonder Woman',7.2,91.3417,'2017-05-30',2017,'movie'),(299534,'Avengers: Endgame',8.239,88.0201,'2019-04-24',2019,'movie'),(299536,'Avengers: Infinity War',8.236,155.858,'2018-04-25',2018,'movie'),(299537,'Captain Marvel',6.8,74.6461,'2019-03-06',2019,'movie'),(300668,'Annihilation',6.426,109.099,'2018-02-22',2018,'movie'),(302946,'The Accountant',7.117,166.136,'2016-10-13',2016,'movie'),(315635,'Spider-Man: Homecoming',7.331,130.656,'2017-07-05',2017,'movie'),(320288,'Dark Phoenix',5.972,82.0861,'2019-06-05',2019,'movie'),(321612,'Beauty and the Beast',6.972,130.358,'2017-03-16',2017,'movie'),(324544,'In the Lost Lands',6.425,109.966,'2025-02-27',2025,'movie'),(334541,'Manchester by the Sea',7.546,43.2279,'2016-11-17',2016,'movie'),(335984,'Blade Runner 2049',7.581,104.368,'2017-10-04',2017,'movie'),(338947,'Hellraiser',6.172,79.34,'2022-09-28',2022,'movie'),(339846,'Baywatch',6.092,123.043,'2017-05-25',2017,'movie'),(345940,'The Meg',6.2,123.765,'2018-08-09',2018,'movie'),(351286,'Jurassic World: Fallen Kingdom',6.5,89.7876,'2018-06-06',2018,'movie'),(353081,'Mission: Impossible - Fallout',7.4,86.4734,'2018-07-25',2018,'movie'),(353491,'The Dark Tower',5.778,79.998,'2017-08-03',2017,'movie'),(369192,'Battle of the Sexes',6.8,78.5893,'2017-09-22',2017,'movie'),(370172,'No Time to Die',7.365,78.5725,'2021-09-29',2021,'movie'),(376867,'Moonlight',7.372,91.8397,'2016-10-21',2016,'movie'),(383498,'Deadpool 2',7.5,143.96,'2018-05-15',2018,'movie'),(420818,'The Lion King',7.109,118.678,'2019-07-12',2019,'movie'),(436969,'The Suicide Squad',7.5,127.711,'2021-07-28',2021,'movie'),(447273,'Snow White',4.279,114.745,'2025-03-12',2025,'movie'),(450465,'Glass',6.662,45.1512,'2019-01-16',2019,'movie'),(453395,'Doctor Strange in the Multiverse of Madness',7.259,89.8924,'2022-05-04',2022,'movie'),(458156,'John Wick: Chapter 3 - Parabellum',7.4,81.5788,'2019-05-15',2019,'movie'),(464052,'Wonder Woman 1984',6.409,104.685,'2020-12-16',2020,'movie'),(496243,'Parasite',8.499,122.604,'2019-05-30',2019,'movie'),(497698,'Black Widow',7.2,83.4252,'2021-07-07',2021,'movie'),(515001,'Jojo Rabbit',8.006,58.7957,'2019-10-18',2019,'movie'),(541671,'Ballerina',7.152,206.783,'2025-06-04',2025,'movie'),(552524,'Lilo & Stitch',7.112,571.123,'2025-05-17',2025,'movie'),(567609,'Ready or Not',7.034,90.8643,'2019-08-21',2019,'movie'),(568770,'The Containment',7.455,94.2333,'2025-06-05',2025,'movie'),(574475,'Final Destination Bloodlines',6.998,278.973,'2025-05-14',2025,'movie'),(575265,'Mission: Impossible - The Final Reckoning',7.2,212.233,'2025-05-17',2025,'movie'),(668489,'Havoc',6.503,56.2298,'2025-04-25',2025,'movie'),(676685,'Panda Bear in Africa',6.63,54.5978,'2024-03-15',2024,'movie'),(757725,'Shadow Force',6.398,349.586,'2025-05-01',2025,'movie'),(762509,'Mufasa: The Lion King',7.398,65.6825,'2024-12-18',2024,'movie'),(822119,'Captain America: Brave New World',6.072,110.382,'2025-02-12',2025,'movie'),(840430,'The Holdovers',7.681,46.1598,'2023-10-27',2023,'movie'),(870028,'The Accountant²',7.203,711.669,'2025-04-23',2025,'movie'),(896536,'The Legend of Ochi',6.3,63.7652,'2025-04-18',2025,'movie'),(897160,'Brave Citizen',6.878,84.2691,'2023-10-25',2023,'movie'),(939243,'Sonic the Hedgehog 3',7.7,75.9028,'2024-12-19',2024,'movie'),(950387,'A Minecraft Movie',6.5,311.545,'2025-03-31',2025,'movie'),(977294,'Tin Soldier',4.962,87.3412,'2025-05-22',2025,'movie'),(986056,'Thunderbolts*',7.4,103.217,'2025-04-30',2025,'movie'),(1001414,'Fear Street: Prom Queen',5.398,58.2889,'2025-05-23',2025,'movie'),(1010581,'My Fault',7.803,64.8274,'2023-06-08',2023,'movie'),(1010818,'Groot\'s First Steps',7,84.7686,'2022-08-10',2022,'movie'),(1011477,'Karate Kid: Legends',7,88.1447,'2025-05-08',2025,'movie'),(1040159,'My Massive Cock',5.8,63.0571,'2022-10-24',2022,'movie'),(1087192,'How to Train Your Dragon',7.508,119.681,'2025-06-06',2025,'movie'),(1094473,'Bambi: A Life in the Woods',6,62.3677,'2024-10-16',2024,'movie'),(1098006,'Fountain of Youth',6.433,61.348,'2025-05-19',2025,'movie'),(1144430,'Last Bullet',6.645,65.1866,'2025-05-06',2025,'movie'),(1197306,'A Working Man',6.688,249.928,'2025-03-26',2025,'movie'),(1199974,'Párvulos: Children of the Apocalypse',6.559,169.568,'2024-10-18',2024,'movie'),(1225915,'Jewel Thief - The Heist Begins',6.711,97.7598,'2025-04-24',2025,'movie'),(1232546,'Until Dawn',6.525,122.21,'2025-04-23',2025,'movie'),(1232933,'Fear Below',6.8,155.654,'2025-05-02',2025,'movie'),(1233069,'Exterritorial',6.758,89.4655,'2025-04-29',2025,'movie'),(1233413,'Sinners',7.526,553.069,'2025-04-16',2025,'movie'),(1241436,'Warfare',7.291,143.94,'2025-04-09',2025,'movie'),(1241894,'Woodwalkers',6.25,179.887,'2024-10-17',2024,'movie'),(1241982,'Moana 2',7.08,107.339,'2024-11-21',2024,'movie'),(1257960,'Sikandar',5.125,192.012,'2025-03-29',2025,'movie'),(1284120,'The Ugly Stepsister',7,231.628,'2025-03-07',2025,'movie'),(1297028,'Rosario',5.294,58.4764,'2025-05-01',2025,'movie'),(1315988,'Mikaela',6.086,431.959,'2025-01-31',2025,'movie'),(1376434,'Predator: Killer of Killers',8.026,792.977,'2025-06-05',2025,'movie'),(1397832,'A Widow\'s Game',6.446,88.0995,'2025-05-29',2025,'movie'),(1403735,'Laila',4.75,116.289,'2025-02-14',2025,'movie'),(1411773,'The Last Stand of Ellen Cole',8.417,244.984,'2024-10-18',2024,'movie'),(1426776,'STRAW',8.344,164.156,'2025-06-05',2025,'movie'),(1450599,'K.O.',7.31,314.212,'2025-06-05',2025,'movie');
/*!40000 ALTER TABLE `movies_popular` ENABLE KEYS */;
UNLOCK TABLES;

--
-- Table structure for table `tv_popular`
--

DROP TABLE IF EXISTS `tv_popular`;
/*!40101 SET @saved_cs_client     = @@character_set_client */;
/*!50503 SET character_set_client = utf8mb4 */;
CREATE TABLE `tv_popular` (
  `id` int NOT NULL,
  `title` varchar(255) DEFAULT NULL,
  `vote_average` float DEFAULT NULL,
  `popularity` float DEFAULT NULL,
  `release_date` date DEFAULT NULL,
  `release_year` int DEFAULT NULL,
  `type` varchar(10) DEFAULT NULL,
  PRIMARY KEY (`id`)
) ENGINE=InnoDB DEFAULT CHARSET=utf8mb4 COLLATE=utf8mb4_0900_ai_ci;
/*!40101 SET character_set_client = @saved_cs_client */;

--
-- Dumping data for table `tv_popular`
--

LOCK TABLES `tv_popular` WRITE;
/*!40000 ALTER TABLE `tv_popular` DISABLE KEYS */;
INSERT INTO `tv_popular` VALUES (97,'The Drew Carey Show',6.5,509.562,'1995-09-13',1995,'tv'),(224,'Match of the Day',7.511,520.772,'1964-08-22',1964,'tv'),(331,'America\'s Next Top Model',5.287,476.258,'2003-05-20',2003,'tv'),(355,'The Bachelor',5.3,315.689,'2002-03-25',2002,'tv'),(456,'The Simpsons',8,318.323,'1989-12-17',1989,'tv'),(498,'Late Show with David Letterman',6.325,817.618,'1993-08-30',1993,'tv'),(600,'Renegade',6.683,337.75,'1992-09-19',1992,'tv'),(651,'60 Minutes',6.6,407.032,'1968-09-24',1968,'tv'),(654,'Reba',6.6,262.875,'2001-10-05',2001,'tv'),(897,'The Grim Adventures of Billy and Mandy',8.045,282.891,'2001-08-24',2001,'tv'),(937,'Behind the Music',7.167,288.799,'1997-08-17',1997,'tv'),(1220,'The Graham Norton Show',7.2,631.106,'2007-02-22',2007,'tv'),(1260,'Duckman',7.2,331.755,'1994-03-05',1994,'tv'),(1416,'Grey\'s Anatomy',8.2,435.413,'2005-03-27',2005,'tv'),(1431,'CSI: Crime Scene Investigation',7.6,440.376,'2000-10-06',2000,'tv'),(1551,'The Kids in the Hall',7.4,333.803,'1989-10-24',1989,'tv'),(1685,'Project Runway',6.2,309.499,'2004-12-01',2004,'tv'),(1948,'Degrassi',7.6,315.521,'2001-10-14',2001,'tv'),(1966,'Horizon',7.516,450.979,'1964-02-04',1964,'tv'),(2122,'King of the Hill',7.344,306.527,'1997-01-12',1997,'tv'),(2224,'The Daily Show',6.4,558.339,'1996-07-22',1996,'tv'),(2225,'Who Wants to Be a Millionaire?',6.286,298,'1999-08-16',1999,'tv'),(2243,'Touched by an Angel',7.2,316.962,'1994-09-21',1994,'tv'),(2261,'The Tonight Show Starring Johnny Carson',7.4,625.512,'1962-10-01',1962,'tv'),(2394,'This Old House',5.4,488.443,'1979-01-01',1979,'tv'),(2637,'Come Dine with Me',5,614.363,'2005-01-10',2005,'tv'),(2730,'I Love Lucy',7.916,304.102,'1951-10-15',1951,'tv'),(2734,'Law & Order: Special Victims Unit',7.937,934.476,'1999-09-20',1999,'tv'),(2777,'Oggy and the Cockroaches',7.4,310.085,'1999-09-06',1999,'tv'),(3091,'Family Affairs',2.6,251.59,'1997-03-30',1997,'tv'),(3365,'Grange Hill',6.5,343.353,'1978-02-08',1978,'tv'),(3554,'The Parkers',8.2,305.593,'1999-08-30',1999,'tv'),(3562,'NOVA',7.023,562.559,'1974-03-03',1974,'tv'),(3670,'Cops',6.639,445.825,'1989-03-11',1989,'tv'),(3894,'WWE ECW',6.6,229.008,'2006-06-13',2006,'tv'),(4086,'Diners, Drive-Ins and Dives',6.7,430.076,'2007-04-23',2007,'tv'),(4230,'PB&J Otter',6.9,308.129,'1998-03-15',1998,'tv'),(4275,'Prisoner',7.645,339.63,'1979-02-27',1979,'tv'),(4419,'Real Time with Bill Maher',5.998,580.938,'2003-02-21',2003,'tv'),(4454,'Will & Grace',6.853,295.957,'1998-09-21',1998,'tv'),(4467,'Late Night with David Letterman',5.808,325.17,'1982-02-01',1982,'tv'),(4601,'Law & Order: Criminal Intent',7.565,431.549,'2001-09-30',2001,'tv'),(4630,'The Fairly OddParents',7.577,262.416,'2001-03-30',2001,'tv'),(4656,'Raw',6.8,310.739,'1993-01-11',1993,'tv'),(5133,'Leave It to Beaver',7,555.727,'1957-10-04',1957,'tv'),(5721,'The Secret Life of the American Teenager',7.1,306.371,'2008-07-01',2008,'tv'),(5917,'90210',5.679,268.658,'2008-09-02',2008,'tv'),(6135,'Timewatch',6.9,425.781,'1982-09-29',1982,'tv'),(6145,'Modern Marvels',8,455.958,'1993-12-10',1993,'tv'),(6521,'Undressed',7.5,311.083,'1999-07-26',1999,'tv'),(8590,'Plus belle la vie',4.379,533.783,'2004-08-30',2004,'tv'),(9048,'Classic Albums',7.7,315.758,'1997-04-14',1997,'tv'),(9537,'My Family',8.8,356.486,'2002-04-19',2002,'tv'),(11106,'As If',7.5,305.724,'2001-01-22',2001,'tv'),(11890,'Goede Tijden, Slechte Tijden',5.083,357.16,'1990-10-01',1990,'tv'),(12415,'Egoli: Place of Gold',6.8,315.69,'1992-04-06',1992,'tv'),(13286,'Peak Practice',6.1,360.03,'1993-05-10',1993,'tv'),(13335,'New Tricks',7.4,314.855,'2004-01-01',2004,'tv'),(13945,'Gute Zeiten, schlechte Zeiten',5.7,460.402,'1992-05-11',1992,'tv'),(14544,'Koffee with Karan',5.7,317.772,'2004-11-19',2004,'tv'),(14610,'Secret Lives',4.5,419.611,'1999-01-25',1999,'tv'),(14686,'Alles was zählt',5,309.573,'2006-09-04',2006,'tv'),(14750,'Na Wspólnej',4.4,387.088,'2003-01-27',2003,'tv'),(14951,'Nature',8.1,336.96,'1982-10-10',1982,'tv'),(14981,'The Late Late Show with Craig Ferguson',6.817,880.125,'2005-01-03',2005,'tv'),(17380,'The Real Housewives of Atlanta',5.971,466.798,'2008-10-07',2008,'tv'),(21145,'Natural World',7.1,396.048,'1983-10-30',1983,'tv'),(21755,'Pawn Stars',7.094,518.846,'2009-07-19',2009,'tv'),(22980,'Watch What Happens Live with Andy Cohen',5.034,817.636,'2009-07-16',2009,'tv'),(30703,'Shark Tank',6.7,426.573,'2009-08-09',2009,'tv'),(30957,'The Amazing Race',6.9,512.534,'2001-09-05',2001,'tv'),(31179,'The Lone Ranger',6.7,319.873,'1949-09-15',1949,'tv'),(31783,'Worst Cooks in America',6.3,465.703,'2010-01-03',2010,'tv'),(31991,'WWE NXT',6.7,363.597,'2010-02-23',2010,'tv'),(32390,'The Real Housewives of Beverly Hills',6.337,487.83,'2010-10-14',2010,'tv'),(34860,'Ninja Boy Rantaro',6.4,395.649,'1993-04-10',1993,'tv'),(36695,'Storyville',7.6,461.315,'1997-11-15',1997,'tv'),(42316,'Devon Ke Dev...Mahadev',9.1,373.213,'2011-12-18',2011,'tv'),(42573,'Slam Dunk',8.6,313.621,'1993-10-16',1993,'tv'),(42912,'Inazuma Eleven',7.998,487.016,'2008-10-05',2008,'tv'),(43323,'Comedy Bang! Bang!',6.2,383.206,'2012-06-08',2012,'tv'),(45789,'Sturm der Liebe',6.066,310.839,'2005-09-26',2005,'tv'),(46825,'Rooster Teeth Animated Adventures',8.6,497.427,'2011-09-28',2011,'tv'),(50821,'Among Friends',3.2,724.337,'1998-10-26',1998,'tv'),(59941,'The Tonight Show Starring Jimmy Fallon',5.85,672.644,'2014-02-17',2014,'tv'),(60888,'Young & Hungry',6.8,306.177,'2014-06-25',2014,'tv'),(61818,'Late Night with Seth Meyers',5.29,818.746,'2014-02-25',2014,'tv'),(62223,'The Late Late Show with James Corden',5.312,466.234,'2015-03-23',2015,'tv'),(62481,'Beat Bobby Flay',6.5,396.757,'2013-08-24',2013,'tv'),(62705,'Married at First Sight',7.4,320.072,'2015-05-18',2015,'tv'),(63770,'The Late Show with Stephen Colbert',6.3,834.737,'2015-09-08',2015,'tv'),(66465,'The Kapil Sharma Show',7.1,388.06,'2016-04-23',2016,'tv'),(67584,'VICE News Tonight',6.6,442.864,'2016-10-10',2016,'tv'),(68921,'WWE 205 Live',5.712,413.176,'2016-11-29',2016,'tv'),(70558,'NPR Tiny Desk Concerts',7.8,346.284,'2008-04-22',2008,'tv'),(80715,'Firing Line with Margaret Hoover',7.5,286.971,'2018-06-22',2018,'tv'),(93449,'Tamron Hall',5.1,358.05,'2019-09-09',2019,'tv'),(202250,'Dirty Linen',6.662,324.345,'2023-01-23',2023,'tv'),(204746,'The Jennifer Hudson Show',6.396,397.633,'2022-09-12',2022,'tv'),(206559,'Binnelanders',5.578,500.588,'2005-10-13',2005,'tv');
/*!40000 ALTER TABLE `tv_popular` ENABLE KEYS */;
UNLOCK TABLES;

--
-- Dumping events for database 'tmdb_db'
--

--
-- Dumping routines for database 'tmdb_db'
--
/*!40103 SET TIME_ZONE=@OLD_TIME_ZONE */;

/*!40101 SET SQL_MODE=@OLD_SQL_MODE */;
/*!40014 SET FOREIGN_KEY_CHECKS=@OLD_FOREIGN_KEY_CHECKS */;
/*!40014 SET UNIQUE_CHECKS=@OLD_UNIQUE_CHECKS */;
/*!40101 SET CHARACTER_SET_CLIENT=@OLD_CHARACTER_SET_CLIENT */;
/*!40101 SET CHARACTER_SET_RESULTS=@OLD_CHARACTER_SET_RESULTS */;
/*!40101 SET COLLATION_CONNECTION=@OLD_COLLATION_CONNECTION */;
/*!40111 SET SQL_NOTES=@OLD_SQL_NOTES */;

-- Dump completed on 2025-06-10  1:21:28
